Includes_Order_ID,Includes_Product_ID,Quantity
1,24,3
1,36,3
1,37,4
1,35,4
1,16,2
1,4,3
1,90,1
1,95,4
1,34,1
1,1,3
1,25,1
1,6,4
1,40,4
1,2,1
1,88,4
1,94,2
1,77,4
1,60,1
1,93,2
1,68,4
1,99,2
1,49,1
1,69,3
1,78,4
1,63,1
1,45,2
1,98,4
1,96,4
1,84,3
2,37,2
2,51,2
2,89,1
2,22,4
2,31,4
2,1,1
2,36,4
3,62,1
3,97,4
3,64,2
3,52,2
3,33,2
3,2,2
3,95,1
3,15,2
3,78,4
3,13,4
3,25,3
3,46,4
3,100,1
3,59,4
3,74,1
3,39,1
3,68,1
3,91,2
3,85,2
3,34,1
3,61,4
3,88,4
3,26,1
3,87,4
3,73,3
3,77,3
3,70,4
3,29,1
3,4,2
3,94,3
4,8,2
4,54,2
4,45,3
4,2,3
4,73,1
4,65,3
4,18,2
4,76,4
4,80,3
4,62,2
4,64,2
4,3,2
4,38,1
4,84,3
4,14,1
4,77,1
4,15,1
4,32,1
4,6,3
4,4,4
4,82,4
4,85,2
4,11,4
4,59,4
4,51,3
4,99,3
4,57,2
4,31,1
4,27,1
4,58,1
5,23,2
5,74,4
5,96,4
5,45,4
5,36,2
5,68,2
5,77,4
5,1,4
5,55,2
5,26,3
5,48,4
5,46,2
5,21,4
5,44,2
5,31,3
5,88,2
5,87,2
5,50,2
5,16,2
6,37,2
6,74,3
6,14,4
6,17,4
6,64,2
6,89,1
6,48,2
6,68,3
6,27,1
6,47,3
6,51,1
6,88,1
6,70,3
6,4,2
6,19,1
6,78,3
6,61,2
6,36,3
6,62,2
6,39,4
6,65,3
6,33,4
6,22,1
6,32,4
6,80,1
6,29,2
6,93,1
6,60,4
6,56,4
6,58,2
6,21,3
6,45,4
6,91,4
6,10,4
6,76,4
6,20,2
6,94,1
6,31,3
6,7,4
6,57,2
6,38,3
6,59,2
6,69,3
6,46,1
7,82,4
7,34,2
7,55,1
7,70,3
7,50,3
7,58,1
7,15,3
7,52,2
7,69,2
7,35,3
7,44,4
7,38,3
7,83,3
7,66,1
7,72,1
7,77,3
7,12,2
7,54,3
7,100,4
7,97,2
7,64,2
7,45,2
7,20,2
7,31,4
7,48,3
8,98,4
8,84,4
8,69,3
8,50,3
8,99,2
8,28,2
8,73,3
9,85,4
9,25,4
9,68,1
9,44,2
9,74,3
9,60,2
9,4,3
9,65,1
9,81,4
9,29,4
9,18,2
9,45,3
9,92,2
9,24,3
9,14,3
9,80,2
9,35,2
9,28,2
9,6,4
9,69,1
9,19,3
9,7,4
9,55,4
9,21,4
9,79,1
9,82,3
9,2,3
9,72,1
9,84,2
9,51,1
9,67,3
9,1,2
9,23,1
9,46,1
9,62,4
9,27,2
9,17,4
9,93,4
9,63,4
9,10,4
9,41,1
9,58,4
10,45,1
10,73,1
10,86,4
10,58,2
10,51,4
10,61,4
10,39,1
10,90,4
10,34,3
10,60,2
10,3,1
10,4,4
10,35,4
10,43,2
10,63,1
10,65,4
10,96,3
10,94,3
10,68,2
10,99,1
10,59,4
10,55,1
10,79,3
10,32,3
10,24,1
10,97,2
10,77,2
10,11,1
10,84,1
11,5,3
11,90,2
11,12,2
11,63,2
11,54,4
11,47,4
11,61,4
11,91,4
11,73,1
11,71,3
11,6,1
11,40,3
11,75,1
11,82,4
11,60,3
11,4,4
11,50,3
11,13,1
11,1,2
11,69,3
11,88,3
11,83,1
12,17,1
12,50,2
12,14,4
12,86,2
12,18,3
12,23,2
12,10,2
12,6,1
12,12,1
12,1,1
12,21,1
12,51,1
12,71,2
12,60,2
12,63,4
12,29,2
12,80,4
12,72,2
12,41,1
12,76,2
12,45,4
12,88,4
12,79,2
12,11,1
12,91,3
12,40,4
12,27,4
12,82,1
12,24,3
12,48,3
12,8,4
12,74,3
12,85,3
12,33,4
12,39,1
12,99,2
12,44,2
12,30,4
12,68,3
12,15,3
12,43,3
12,46,4
12,95,1
12,100,4
12,83,1
12,97,2
13,47,4
13,79,4
13,44,4
13,1,1
13,25,3
13,73,3
13,16,4
13,7,2
13,42,1
14,61,2
14,52,3
14,49,4
14,75,3
14,34,3
14,91,4
14,2,2
14,71,4
14,89,2
14,55,1
14,72,2
14,76,4
14,95,3
14,51,4
14,47,1
14,5,2
14,80,3
14,6,1
14,7,3
14,64,3
14,32,1
14,36,4
14,58,4
14,97,3
15,42,1
15,79,4
15,36,1
15,17,4
15,30,2
15,43,2
15,7,3
15,75,4
15,82,1
15,14,2
15,64,2
15,11,4
15,47,2
15,22,3
15,88,1
15,96,1
15,92,2
15,85,1
15,98,4
15,54,4
15,86,3
15,49,3
15,40,2
15,8,4
15,33,1
15,62,4
15,38,4
15,63,2
15,53,3
15,59,2
15,44,3
15,41,3
15,91,4
15,31,4
15,76,1
15,15,3
15,80,3
15,93,4
15,12,1
16,76,4
16,42,2
16,60,2
16,23,1
16,38,4
16,48,3
16,30,3
16,62,3
16,54,2
17,15,4
17,73,1
17,53,2
17,95,1
17,86,1
17,96,4
17,4,1
17,70,4
17,8,1
17,37,4
17,79,2
17,9,2
17,19,3
17,82,4
17,99,1
17,32,4
17,18,4
17,48,1
17,92,3
17,5,1
17,1,1
17,24,2
17,85,3
17,58,3
17,39,2
17,31,3
17,94,1
17,27,3
17,13,3
17,63,1
17,93,2
17,59,2
17,83,1
17,14,2
17,43,3
18,90,4
18,74,3
18,72,2
18,83,1
18,34,1
18,77,3
19,28,1
19,19,2
19,30,3
19,9,3
19,68,3
19,75,3
19,89,3
19,4,3
19,67,1
19,96,1
19,72,4
19,100,1
19,79,4
19,95,2
19,40,3
19,35,4
19,81,1
19,58,1
19,69,3
19,11,3
19,93,4
19,85,1
19,46,2
19,49,1
20,20,4
20,5,2
20,65,1
20,85,3
20,97,3
20,75,4
20,71,4
20,67,2
20,49,3
20,92,2
20,16,3
20,28,2
20,96,2
20,7,1
20,41,3
20,59,4
20,89,1
20,87,3
20,90,2
20,91,3
20,26,2
20,76,2
21,12,2
21,2,1
21,27,3
21,60,3
21,79,2
21,66,3
21,28,3
21,50,3
21,90,4
22,94,3
23,44,3
23,61,2
23,7,1
23,42,4
24,32,3
24,40,4
24,73,1
24,29,2
24,48,1
24,60,3
24,38,2
24,41,3
24,28,4
24,94,3
24,3,4
24,83,3
24,34,3
24,35,4
24,89,3
24,95,3
24,19,1
24,54,4
24,39,2
24,93,2
24,78,2
24,9,1
24,6,1
24,96,3
24,1,3
24,8,4
25,22,4
25,48,2
25,46,2
25,88,2
25,31,1
25,29,4
25,15,1
25,73,3
25,75,3
25,97,3
25,1,2
25,74,1
25,86,1
25,84,2
25,21,2
25,3,1
25,64,3
25,38,2
25,59,3
25,43,3
25,45,2
25,16,4
25,91,4
25,78,4
25,36,2
25,25,4
25,57,1
25,33,2
25,19,2
25,85,3
25,61,3
25,17,2
25,27,3
25,51,2
25,82,4
25,5,2
25,70,4